date,AAPL,AMD,AMZN,AVGO,GOOGL,HYG,META,MSFT,MTUM,NVDA,QUAL,SMH,SPY,TLT,TSLA,USMV,UUP,VTV
2026-06-04,0.00312645238815068,-0.035611602574429746,0.01507874949703436,-0.12586861258932958,0.03676993669997208,0.001882493307910682,0.007367820180195883,0.001661400069229213,-0.011016731260166224,0.01939395646671027,0.007883879492825319,-0.016256458254117145,0.0037786857621391334,0.0022271571864720396,-0.012390842220308285,0.004155408873071975,-0.0007178915048637879,0.00768872925259112
2026-06-05,-0.012498826008526143,-0.10860092889626116,-0.03057644001781823,-0.07920554255801027,-0.009833744266495192,-0.00501058216405037,-0.055085447812264654,-0.02658566754383418,-0.05953297499682175,-0.062014073591381225,-0.01927942373930669,-0.09217093072068028,-0.025809371248925683,-0.005146246614174843,-0.06559926253138726,-0.01055246270580612,0.0064655281677161724,-0.01358518327113234
2026-06-08,-0.018871545388655542,0.05135293417107589,-0.0032922715222234444,0.02818030769211255,-0.013575540397461894,0.0013848465573635949,-0.012833073513225268,-0.011831927529251218,0.028094092446003582,0.017259839984335112,0.0032372822692976477,0.04997449592079373,0.002264172608771542,-0.005172776731306006,0.04590795960877547,-0.004286855627287256,0.00035689609987366033,0.0025468734280931216
2026-06-09,-0.036446341189923515,-0.03022449618111711,-0.004200304926880172,-0.011195157427758784,0.002614880105099582,0.0010057505956613255,-0.0013666036710554552,-0.02023117288064602,-0.010949519094414106,-0.0021568105327770537,0.0013561733193934167,-0.011953262839234813,-0.0029354505508077944,0.005908802779969191,-0.03000371479396924,0.003675238794885516,-0.0007135375409819122,0.005316198878485778
2026-06-10,0.0035450055495178656,-0.04860048241788084,-0.025349123139844942,-0.051152561034133015,-0.021632900626697316,-0.0018839119618148104,-0.023281298234914316,-0.014997232475331246,-0.021531980232196934,-0.03732169739825886,-0.008359749952811302,-0.03400963822772607,-0.015765562508027298,-0.0028195832145171407,-0.038040729596927614,-0.003766435215360575,0.0014280259854289046,-0.01006137848462918
2026-06-11,0.01388983748609407,0.07968616002854234,0.01474787607914263,0.036199904942669114,0.003900222778065343,0.00591420864972636,-0.004466057810845303,-0.017666513340103496,0.04620888219857089,0.022203357892913722,0.016813438483406218,0.06750633352965307,0.016996847886747934,0.012959547140083405,0.046017971453959916,0.004410814154407028,-0.0035650080870224254,0.01673449940353544
2026-06-12,-0.015221633631081977,0.04733339039694395,-0.012256186172015071,-0.009077408639480367,0.00533865329404315,0.0,-0.0025509071761044,0.001024702842441938,0.016895963371776235,0.0015620019126554308,0.004678122262867568,0.01724507269688047,0.005408247901529384,-0.0024425591082518627,0.018238754580025995,0.004286935649232548,0.0,0.00934536395986596
2026-06-15,0.018170538868479413,0.06976562724637403,0.031314194613874635,0.03106756085075002,0.026885093191168385,0.0012509459837009018,0.04770904398522635,0.02308448313772371,0.029588796904336467,0.03538181402824003,0.012358883298848156,0.043776941498460564,0.01763396989375332,-0.0005829128256479299,0.011613319158924273,0.006161841648988142,0.0007155116232253622,0.005297373231260005
2026-06-16,0.009513514092780229,-0.07303658317336414,-8.13115686266741e-05,-0.04373766510027599,0.01055908072426437,-0.00012500603502429986,0.011339963815781395,-0.014833966272172594,-0.02271983028776514,-0.023723197733726886,-0.006569354294955865,-0.048060542048045996,-0.005961562844234103,0.00548300859771178,-0.015784969793794956,-0.004463283082066449,-0.0014300682574422963,-0.0009623119544706071
2026-06-17,-0.010994537435617069,0.010230778916215488,-0.03455284552845528,0.042977389720514125,-0.02534492914880393,-0.003748521052748255,-0.05436431197128366,-0.03788437231212749,0.006808775659616906,-0.013307023368657411,-0.015200209598140169,0.012938264128449672,-0.012487870885051433,0.001624345627797119,-0.02046161890071707,-0.013241624689486642,0.0089509487027708,-0.008897862989535987
2026-06-18,0.006960644246616354,0.04856777941973722,0.029010523745888195,0.04695857067139819,0.011654985044087018,0.0035117383167801997,0.016984307627157635,0.0012931709583141604,0.03122429811752636,0.029513846689763534,0.006714863426898532,0.05755090127049223,0.010396992441959574,0.004865044824139186,0.010368800900483421,-0.004226558838319905,0.00425830129826954,0.0018973644884867635
2026-06-22,-0.003355513813629196,0.026536669138951918,-0.047465142323687703,-0.04521550224560922,-0.049860021606623395,-0.0008747896991238013,-0.02316273829005122,-0.031786989559602685,0.019792072623400214,-0.00968251232276296,-0.00027790800298010954,0.013684258039190489,-0.003146979693962715,-0.007608095028768802,0.011386046267785943,0.0004244579417878036,0.002120189926098748,0.009930719190430759
2026-06-23,-0.009124398732296202,-0.05761113249020289,0.005670378290686617,-0.030551120386485997,-0.01015216723427581,-0.0008756525010975569,-0.002926245367292357,0.017966969581451497,-0.044783011993544286,-0.04126528091164561,-0.013065872678934443,-0.0700542483038109,-0.014521954010491611,0.0012776772165283834,-0.05786940661108486,0.0028638552816806495,0.0031734890920644965,-0.005579724089719962
2026-06-24,-0.004145480706800209,-0.00021157133159144248,0.0006834550497296643,0.005050673309381137,-0.0024267951640898344,-0.0002504472514747169,-0.00805768267256246,-0.022677392646850314,-0.004093904850606789,-0.00519892681982459,0.0008450680212779282,-0.005031757807628545,-0.0004635170636431152,0.013689121073942268,-0.0159324619523894,0.003278662597441251,0.0028119480337682745,0.0007359181515147473
2026-06-25,-0.06117774105404383,0.024685452978244093,-0.03098992458796157,-0.008270745155423476,-0.004575935941672493,0.00037571649445844457,-0.026538971518130117,-0.0345592514347155,0.033159721109055296,-0.016381881943899224,0.00028142763688099315,0.02901832622725853,0.0014456352254532678,-0.0003433211494219268,-0.00109180002514353,0.0003162426639664595,-0.0017525812550219788,0.01332783556533923
2026-06-26,0.03136469225316163,-0.020635766346647655,0.025020959746330673,-0.03665781983635308,-0.01838753016981809,-0.0006259912902187859,0.013594423985837434,0.057081360705363515,-0.03996462731047212,-0.016399339040476746,0.0019226431986372194,-0.03967783465882202,-0.007231373616869652,0.00011450913837696142,0.01223607484974698,0.011592354106823688,-0.0007022632754614122,-0.004639782273230475
2026-06-29,-0.007188654692930396,0.0343379204680041,0.03201683299701785,0.020355113191023344,0.04819344609319609,0.002254766824243859,0.022444299111199495,-0.011797171738171075,0.031497544278314527,0.012673362368860186,0.016989560805980464,0.03330553065689168,0.016474862380159383,0.0010301992107195623,0.08461722263269356,0.0017710782594362318,-0.003162271543724615,0.0010989765732625223
2026-06-30,0.027046212958856453,0.07677618428501676,-0.00749564027789118,0.014230064758388838,0.010518904349803737,-0.0004998245193931217,0.001226453024082641,0.012073639219654542,0.020327340988885778,0.026260425117358155,0.009848586938057569,0.037833530995638576,0.007786800986842035,-0.011778218208355562,0.02127042017171621,0.0031197526095925188,0.0014099050756246623,-0.0032018121547701117
2026-07-01,0.017348672275670385,-0.06890907388804501,0.014097510539473834,-0.02226341141524657,0.010745141025489735,-0.0001382855037862507,0.08808961112881497,0.030186099320729687,-0.0429658461794008,-0.012544327816355838,-0.0025520556773711567,-0.054018191898792645,-0.001352504438058455,-0.006759352683941788,0.011174468904540102,0.004457809550663772,0.0028159072205464764,-0.0025236902282972373
2026-07-02,0.04840675364798175,-0.0426342208076077,0.004013244654325954,-0.024069919908501825,-0.003599011406831276,0.00150769479306323,-0.04896306153496388,0.016160017478718647,-0.03526366080154353,-0.013918412665829716,-0.0020103369635964263,-0.04540186788465472,-0.001314069480687241,-0.00011688874178894526,-0.07488825887632455,0.010320982622555652,-0.005264991917702133,0.00823439711990881
2026-07-06,0.01305778143996239,0.06610401294772261,0.006140048231783268,0.03731441596325391,0.01819894951236445,0.002007426841051041,0.02983350983860711,-0.009603310738029669,0.016364934431990497,0.0036955356666652506,0.0002747462317223004,0.020277246300241414,0.008727409093039817,-0.0007017741378964049,0.06689535135353153,0.0,-0.0007057324508110696,0.0012319399311797596
2026-07-07,-0.006396770744445224,-0.06510280452154371,0.007454095831143315,-0.00834446420999746,0.0015554420597831964,-0.0013772324653551493,0.025471088344246162,0.005430044263193601,-0.0288147376826694,0.007056965494693257,-0.0034326512936239117,-0.03781230522507606,-0.004751899671231685,-0.010532384774988857,-0.04018866417017264,0.004699142786196653,0.0028248560935075773,0.0005924393062619604
2026-07-08,0.008787785980344909,0.0025188193018261806,-0.009594278605344897,0.04830358628047282,-0.013922491618141852,-0.0012537825856141493,-0.02024110859147288,-0.014144606893393474,0.007713492649076947,0.03651044893523969,-0.003765992943563612,0.019864111360369696,-0.0030894297130047432,-0.0022471836538101586,-0.021940919513048773,-0.007117406803278992,-0.001408415799858398,-0.0087899433902211
2026-07-09,0.00903022957872146,0.056647531125973094,0.01403824906613349,0.03195344061371519,-0.008371993499371455,0.0011297531399880878,0.04702212757189739,0.0026607787100694225,0.020168353121860383,-0.006564748040099211,0.007283799762086041,0.024839764702782485,0.00846525000257925,0.0015409040991603007,0.03169565627507742,-0.0005120640140958699,0.0,0.004227155722869691
2026-07-10,-0.002846043762522954,0.020431015042210676,-0.006881464517662805,-0.0028420736767752475,-0.004764751559533376,-0.0005016532810299124,0.05974859484207107,0.001925297686118821,0.0017745229918397776,0.04033932332484791,0.005446235429776847,0.005430123466312553,0.0043101596888019955,-0.00023662743292818256,0.002976317818197627,0.00163938180953771,0.0010577848607635776,0.00292825492678217
2026-07-13,0.006310939222858858,-0.04212299805152253,0.008029678202122303,-0.03980301867426739,-0.013074617861873139,-0.002383517166942184,-0.018648916026568707,0.015294738983264056,-0.022189714313462616,-0.03521998340020871,-0.004733982126470471,-0.041585573476523474,-0.007656174850540931,-0.005919270738271143,-0.03188149815738972,0.00061372296729445,0.0038746253158310484,0.0007299437241650164
2026-07-14,-0.007721115748007379,0.025711539994650146,0.0007278635572653958,0.013175361852430179,0.019857621884558307,0.0020120291346781283,0.00656281529208913,-0.015499120378526965,0.0163048812993003,0.040632851776453593,0.002698429513604328,0.025084530179791065,0.00355064169730146,0.001310059703594657,0.0035970789214421206,-0.0096095118006424,-0.0038596705386513275,-0.0034645993103633588
2026-07-15,0.04014486379221993,-0.03464504782662825,0.030183041960898382,0.013286766267545769,0.03173766571699632,0.0016314668787265063,0.030663833058537815,0.02779727786697772,-0.022172867529893447,0.0033049902651376417,0.0025542672165788094,-0.01589175270467258,0.003963635929681075,0.0019028903136051323,-0.004341464113536642,-0.008154427517796714,-0.004931292450097158,-0.005077770262393977
2026-07-16,0.017587781993612772,-0.05329404585999309,-0.019885500434225545,-0.05029417326179331,-0.04437624006915575,-0.0001252707519161511,-0.02461437464787497,0.013826036185691448,-0.029615918917549888,-0.02400002872242646,0.003912650584217969,-0.036985689690940626,-0.005418617756386079,-0.00035617704281043494,-0.00861936310433542,0.010823196536196011,0.0031858461093059454,0.006299117580511382
2026-07-17,0.0014402172368908062,-0.01034054507632809,-0.010644698341695902,-0.009667580496069306,-0.021694968522032898,-0.0018796830880780657,-0.02788390296205223,-0.01815010181385157,-0.00435057284956486,-0.022131130535045007,-0.01264392503679157,-0.02177802500433157,-0.009897156017872222,0.0036811987299434357,-0.02613410035418373,-0.00545659213717542,-0.0003528662254055348,-0.0042949942373425865
2026-07-20,-0.02142383591993391,0.01575358521209891,0.011163733419575328,0.019766516612095275,0.015053198140839052,0.0003766639458857579,-0.0002477270897792705,0.02150732979277281,0.001820710110280066,0.0023174460152899368,-0.004268567019891978,0.00413272900273598,-0.0016143782471810253,-0.007453757119730509,-0.029592451218471427,-0.0010351809078742447,0.002117877377478372,-0.004451180382036846
2026-07-21,0.0035212601306020552,0.08114062544883693,-0.009760399967161826,0.022054147073000685,-0.013750369905294657,-0.00037652212357708326,-0.0031585942625343977,-0.011285452294400034,0.03912237564369869,0.019726458731385677,0.005485398856892143,0.04518368596499456,0.008341309298597777,-0.002741594665815583,0.025326690927467865,0.0005181663394591141,0.003170135770439897,0.007743756433290505
2026-07-22,-0.005644666001250687,0.014510634095001196,-0.010906875035172847,0.02667528475703418,-0.014575869467767011,-0.0016320813934784795,-0.025846157579935802,-0.01862974366480019,-0.0007632305506487524,0.02301126164771805,-0.003621732577993142,0.004845151300994166,-0.0011627413779321527,-0.0026298279959032778,-0.012983883580748534,-0.0031072298526700903,-0.0010533279416801156,0.0032474566126396986
2026-07-23,-0.012979820539962161,-0.02288489536570204,-0.0457014586990675,-0.010937215202723727,-0.07132620819602653,-0.0036468755095263594,-0.033595369514419327,-0.022442026195170772,-0.000827327062519867,-0.01556164807012217,-0.006165438301597215,-0.011483857052664526,-0.012349287272575782,-0.003235867191303532,-0.14523677416617442,-0.0014545391132305685,0.003866386645100528,0.00237076812776027
2026-07-24,0.03531672413627751,-0.032870703837618365,-0.006633583101364859,-0.02688100430645657,0.006452807304242247,0.0,-0.01800028639497009,0.0003145803337292197,-0.024173501727220215,-0.009197155678610791,0.0037499886971932295,-0.03271451648281709,0.0010160123647910968,0.0009619017029653953,-0.020832692956452514,0.008739947274541526,0.0007002961532798224,0.005276101423128843
2026-07-27,0.011681009513348384,-0.05172909161517647,-0.0031019827616639573,0.003403822128359657,0.021329811059824122,0.0005047511109048664,-0.002217791493143717,0.019386905446111324,-0.013251176220055672,-0.049941993879074276,0.0020755359684028196,-0.022523591998161563,0.0002165755636849287,0.006006015991534719,-0.012171349626078465,0.006188820241386228,0.0006998060817726692,0.0031671203271685933
2026-07-28,0.009408945533389002,-0.08148301059738983,-0.002290499938177426,-0.006027862719157451,0.02189493319708058,0.0018923479613646155,-0.0007746173008209567,0.01092261618510415,-0.03310944892214385,0.002544399847217882,0.005523392420934137,-0.03454564329364873,0.002394780651586048,0.005850800009034485,-0.005756415407379811,0.010353608152119165,-0.0006993166956958952,0.005727964394140361
2026-07-29,-0.005557412706758247,-0.055122955056418066,-0.0182361894773313,-0.027801833073632265,0.008989854945811171,-0.0022664314337762503,-0.0131443490099028,-0.007143759919297832,-0.03150664252153357,-0.03553119230079016,-0.0113522425620739,-0.047922914530263205,-0.015387473482586067,-0.016500526780552027,-0.029664308628561287,-0.0021306725819246752,-0.005598315179819013,-0.014305584837092766
2026-07-30,-0.014074993355015719,0.12997024259045054,0.0390470167299346,0.047310403616224184,-0.009058221734254301,0.0029025363753365507,-0.07954091839250976,0.15506739165511707,0.05531420462850489,0.026472285272951313,0.013612383089011137,0.06877954684344134,0.01676579949601198,-0.000603464173932089,0.03529766197629747,-0.005185583570341046,-0.009852240882964214,0.003366652520931712
2026-07-31,-0.07353858440208272,-0.019036281079341077,0.15320588778032107,0.0037128776170669564,0.06734400185679612,0.0001259036960883364,0.03279964327561391,0.030192821938052727,0.002744610751989729,0.029276081370092744,0.0018271933063178647,0.003024688827180544,0.007199809675054292,-0.006642578531842247,0.007641202217659959,0.000919909757297388,0.0010661225051959988,-0.0026752351312768763
2026-08-03,-0.017772135672998512,0.01783055940519218,0.04580603526208682,0.007578124271172104,0.04880240147375625,0.0027055218502216594,0.060228785073615176,0.04934151053480518,0.007309998558617581,0.029339972053043173,0.011034096699476414,0.009120663808806828,0.01424300656734756,0.0032959594930270786,0.03492816881091865,0.0034718302545808655,0.0,0.004773826171067919
2026-08-04,0.019642637836096544,0.0700313664071397,-0.023237715094833633,0.06610915011468887,0.011084009453113497,0.0030262139362147167,-0.0038966993613147594,0.010581411460949042,0.03833921191271639,0.025648485614655492,0.013935222609101405,0.05545777652155115,0.018029002715958642,0.007665152303669043,0.01636245575931672,0.01455174879439336,-0.0003549956994942649,0.01298640324519229
2026-08-05,0.005236336596166957,-0.0704424160072219,-0.017194215631067156,0.0002869598147519081,-0.04030189976684506,-0.0003772439360352209,0.001411737739220209,-0.010856147912626679,-0.010754731295822051,0.0343493379986608,0.0,-0.010439300231446125,-0.0019966020100066206,0.0021733974049249483,-0.01771809440172356,-0.00010024580884515633,-0.002485784630806842,0.0005360717317823838
2026-08-06,0.004533755277783991,0.014998467315454622,-0.001430347110176089,0.005474822013017633,-0.012912777267041098,-0.0007544831987849054,0.0019192636264193652,0.025437939328646575,-0.005839078309709422,-0.0010491548501886383,0.0006226899813559506,0.003124395688220316,-0.001597813044932006,-0.0057831880715829564,-0.006282037289245479,0.0031096153175034225,0.0035599993209864955,-0.0027680269689331904
2026-08-07,0.0029447910342259576,-0.012099438854038969,0.00815397466052481,0.017095851620877678,-0.0096436926248602,0.0018877769963261404,0.003729362740847675,0.00026008287542045316,0.003731686557342684,0.022695105237842794,0.0032004321322680607,0.019633289217022343,0.006115348472417681,0.0029084603452897984,0.02832281108985857,0.006200027465820268,-0.004256858352607029,0.004208275336681222
2026-08-10,-0.015332485243728322,-0.028550124567989665,0.013152088338200807,-0.012530427685555345,0.009088414275721046,-0.0016329135867255706,0.0047627215681407264,0.012140302810139891,-0.006465795786380069,-0.028621197847608748,0.000221556343732221,-0.022807686260658766,-0.00029741673673222557,-0.00845826958468221,0.006999873408422008,0.0020870510707653445,0.002493754741191845,0.0031652923257765586
2026-08-11,-0.010867469011185404,0.010137170522135586,-0.02092850300572191,-0.014962138767851352,-0.03837554632895135,0.0003773831480375911,0.007059793464132991,-0.0044461452724045,0.0033189801814490494,-0.00022984624709898593,-0.0026136776039794585,0.00618187193282016,-0.0031952597501651026,0.001584270596217685,0.005832908145854354,-0.000991753171726062,0.0,0.0014665444173358466
2026-08-12,-0.008723897642456846,0.018152271079885596,-0.0183273604720513,-7.20985874471669e-05,-0.0007561464545453589,0.0012577265617936817,-0.03383298787630218,-0.022587870511558972,0.020723923994067528,0.030298833737428144,0.001332458627095301,0.02077046858462639,0.0025046624297864195,-0.0009733792969137678,-0.015924965691680115,0.0003970344961778949,0.0021322450103922197,0.00417123211518966
2026-08-13,0.009958675816790663,0.00016569086836049074,-0.00804397600383,0.0042543434279123105,0.008208615054656532,0.002260986923104502,0.027848312683904197,0.00903684159579754,0.0041304856467125894,0.005399646274448999,0.007673522958335788,0.007335427221555779,0.006977455651952402,0.005845779578274479,0.0380140493976433,0.0059542137888610736,-0.0007092360717222412,0.003358565505209965
2026-08-14,0.002194794236790587,0.06496760781011401,-0.009353943124710828,-0.059427544527747345,-0.0013281334171028059,-0.0010026695873460723,-0.008605468123268123,-0.002978616125570266,0.0037337995770625465,-0.0006213909798140627,-0.005898390620176608,-0.002206660449048492,-0.0019797115463531245,-0.006659363813487751,0.006794910038403712,-0.0023676184932545086,-0.002484020371403717,0.002025947803987682
2026-08-17,-0.0011113534012042736,-0.016310609478241367,-0.005101832739500267,-0.001424966468636435,-0.005492898932390022,-0.0012544746296822007,-0.035398839954296824,-0.03037944449604746,0.015321131112066011,-0.0006662335798259811,-0.005357737666926821,0.010632506417143306,-0.004727366641364417,-0.008410489858243442,-0.008677363823985429,-0.007218389670374359,-0.0003557534210139046,-0.0036042023877111973
2026-08-18,0.014529279409058127,-0.042707480931941655,-0.007117926481727599,-0.0316744206808135,0.0005814494887728117,-0.0010049366101712032,-0.044466297160996704,0.002664708914413838,-0.031856458323660464,-0.023421133026656604,-0.0023594300306113425,-0.04090424948806892,-0.006755757074274671,0.0038107683059835917,-0.00716178238492593,0.0011951704717512168,0.0014234522290286211,-0.001632163364959749
2026-08-19,0.021933322000267097,-0.03709820738923664,0.02462896060980113,-0.04610523424650492,0.00151071272583847,0.0022632613573008165,0.004340953999494079,0.0055644226358424476,-0.019017968385272588,-0.009920851370134876,0.0011155733743466456,-0.015532647064116611,0.00209783741736147,0.016654282121715935,0.04230118504630487,0.007660209890327785,-0.009239525036289775,0.0027836232044695652
2026-08-20,-0.017454152112068244,0.006517683503764804,-0.021554360010767937,0.0042760641855841275,-0.011748652105159185,-0.0018818563029386892,-0.00036630257733039073,-0.004654530468367835,-0.002517390868831071,-0.003263428309640881,-0.009137521711552465,0.0030842928699570393,-0.008399893367440514,-0.008190822577626156,-0.01705966711572726,-0.006121065662731073,0.0010760648331626932,-0.007754988017194431
2026-08-21,-0.006263995393247401,0.008073123618425715,-0.005689825658748426,0.012141893367458856,0.012181890414259655,0.0006285645414005891,0.007456547270739078,0.004343752186226402,0.00019674241766520773,-0.00982248016076015,0.004138543213294987,-0.003963461134172341,0.0040912604472485015,-0.0035219095046445936,0.05137188948486271,0.005562781346717394,-0.00035830272076342595,0.005373202371153019
2026-08-24,0.0032002269754076718,-0.03486529318541998,0.01330086369122152,-0.02629936794780574,0.00939619568316985,0.001130397101727798,0.016584823990333897,0.00842233136012771,-0.015008083652781057,-0.029061128249296964,0.0025983416713686314,-0.024303193198895956,-0.0029384110198065194,0.00621567092815023,-0.03833427136104406,0.003358651848422989,0.0021505185219621303,0.0013251018544415682
2026-08-25,-0.0014178077160482694,0.049107811003352486,-0.003853969311243932,-0.005630559360753851,-0.003160405632474217,0.0027603830790701167,0.019730900283262853,0.009029147603226262,0.006021483018879836,0.021920603500928948,0.0012064533904341257,0.01649601267852474,0.003195937672779925,0.01102236030514292,0.003725426988085312,-0.0006891768734325066,-0.0007152557607251753,0.00039698429246626254
2026-08-26,0.011455367474878742,0.003652072345983859,-0.002987814244201914,-0.0032236192408057196,-0.014295607012993039,-0.00025013968372011863,0.010683320736567525,0.00947713844154241,0.005291025581380504,-0.015911754710582593,-0.0011157227287375004,-8.993521699474094e-05,0.0002220155779071309,-0.00203664305951734,-0.012648087582530332,0.0004926409040177937,0.00286327566846456,0.00017641230259846097
2026-08-27,0.003604958753321119,-0.008857794924257756,-0.01544486334918349,0.04485506445989884,-0.003947334232365041,-0.0003754954240156039,-0.00874794135862178,0.017507106648045223,0.0007566150866056276,0.0873795275466771,0.003484937689985035,0.031001996983000657,0.006552786111251541,-0.0020408913798588557,0.025996154195747634,0.004234370184672764,0.0,-0.0060838728196119796
2026-08-28,0.01627575132974779,-0.02326562725379,0.03968618794425893,-0.007401625495918829,0.017437262045876256,-0.0016276940223376446,0.012117044722708359,0.01677034764032892,-0.014857244085144217,-0.04574959589106331,-0.004363361352165085,-0.034712067449280126,-0.002269485222937795,-0.003007345761939284,-0.01707955694679375,-0.00235345641560758,0.0057102014560379555,-0.0007097079808171536
2026-08-31,-0.008914626195478559,0.01104002490802869,-0.02499719943397638,0.004202900721427705,-0.020889241240744538,0.0008778499458619304,-0.00982663659363825,-0.012151228547426784,0.0021687428347940685,0.014847141724795065,-0.004471872023232737,0.0063640498715868965,-0.002989520850009919,-0.004343648119223276,0.05505379844310032,-0.0021623867242233086,-0.00212915064913477,-0.0019529814715666394
2026-09-01,0.02613223487390992,-0.023602175051685492,-0.018670327789371055,-0.0017821560421121818,-0.012759750619967591,-0.0034645861528050936,0.01083263598727946,-0.012359832493516909,-0.012784646841009883,-0.015128165397036097,-0.007321847362207534,-0.020498417404016256,-0.0068704238054380085,-0.004075074249824118,-0.03223268236356913,-0.00394005033206124,0.0032005064919375936,-0.0039581915298623205
2026-09-02,-0.000522909067699362,-0.005548155771720742,0.0002353583831189443,-0.006600309699600682,0.006268319514482146,0.00012644925946170282,0.024734673664881024,-0.008382862523551915,0.0017537419078550442,0.03205482497444945,0.0018552350474192458,0.00964750018023297,0.004436902672253051,0.000977088053945252,0.002583654236838928,-0.0013844875973677562,-0.0014179017893243273,0.0064743566028497845
2026-09-03,0.010001231183714099,-0.0019690935572829193,0.015373747880732092,-0.02744795458096083,0.015899414220665653,0.001264043399691328,0.0300750912104224,0.026770233881280303,0.008012405111591514,0.0180027325885872,0.009304484526526213,0.0038511756874106684,0.01046841189654324,0.0014643410744459295,0.05422813036607077,0.008219391702002365,-0.005679795774894414,0.007142542851669376
2026-09-04,-0.025105848234065142,0.04693529351593129,-0.001506311858065601,0.0020718731850923877,-0.01110272366657461,-0.0006311756462711315,0.0099725337795733,-0.020426532992031676,0.01816836443747305,0.00836070775935327,-0.003938086710698618,0.02607679119856665,-0.0038542371465761782,0.0017058534198735043,-0.05922365978717725,-0.009920386318196917,0.0024990965459557035,-0.0024667322176669115
